Episode,Round,Question Type,Question #,Question Text,Correct Answer,Category,Subject Area,Matchup,Answered By,Team,Result,Steal By,Steal Team,Steal Result,Outcome,Points,Points To,Parts,Needs Review,Review Notes,Transcript Excerpt
S41 E53,Round of 8,Tossup,1,The city of Cincinnati is on which river?,The Ohio River,Geography,Social Studies,Farragut High School vs Roane County High School,Lucas,Roane County High School,Correct,,,,Correct,10,Roane County High School,1,,,
S41 E53,Round of 8,Bonus,1,"Part 1: In which time zone is Las Vegas, Nevada? | Part 2: In which time zone is Indianapolis, Indiana?",Part 1: Pacific | Part 2: Eastern,Geography,Social Studies,Farragut High School vs Roane County High School,,Roane County High School,Partial,,,,Partial,10,Roane County High School,2,,team said Central for Part 2,
S41 E53,Round of 8,Tossup,2,"Rounded to the nearest ten, what percentage of the Earth is covered in oceans?",70%,Geology,Science & Technology,Farragut High School vs Roane County High School,Lucas,Roane County High School,Correct,,,,Correct,10,Roane County High School,1,,,
S41 E53,Round of 8,Bonus,2,"As of September 2024, there were an estimated 23,490 active lithium prospecting claims in which U.S. state, which is already the nation's largest producer of gold and second largest producer of silver?",Nevada,Geology,Science & Technology,Farragut High School vs Roane County High School,,Roane County High School,Correct,,,,Correct,20,Roane County High School,1,,,
S41 E53,Round of 8,Tossup,3,"How many syllables are there in total in a haiku, which contains three lines of poetry?",17,Literature,Language Arts,Farragut High School vs Roane County High School,Leighton,Farragut High School,Correct,,,,Correct,10,Farragut High School,1,,"buzzer name read from ""Late""",
S41 E53,Round of 8,Bonus,3,"Part 1: Which Pulitzer Prize winner wrote ""The woods are lovely, dark and deep, but I have promises to keep and miles to go before I sleep""? | Part 2: What is the exact title of the poem?",Part 1: Robert Frost | Part 2: Stopping by Woods on a Snowy Evening,Literature,Language Arts,Farragut High School vs Roane County High School,,Farragut High School,Partial,,,,Partial,10,Farragut High School,2,,"team said ""The Road Not Taken"" for Part 2",
S41 E53,Round of 8,Tossup,4,In which country did the type of dance drama known as kabuki begin?,Japan,Art,Fine Arts,Farragut High School vs Roane County High School,,Farragut High School,Correct,,,,Correct,10,Farragut High School,1,,"buzzer not named; team from ""visual bonus for Farragut""",
S41 E53,Round of 8,Bonus,4,"What is the title of the painting shown here, created in 1818 by the German artist Caspar David Friedrich and considered one of the masterpieces of the Romantic movement?",Wanderer Above the Sea of Fog,Visual,General & Visual,Farragut High School vs Roane County High School,,Farragut High School,Incorrect,,,,Missed,0,None given,1,,"team said ""man on the mountain""",
S41 E53,Round of 8,Tossup,5,Which medical specialty studies changes in the body that cause disease or that are caused by disease?,Pathology,Health,Science & Technology,Farragut High School vs Roane County High School,Leighton,Farragut High School,Correct,,,,Correct,10,Farragut High School,1,,"buzzer name read from ""Latent""",
S41 E53,Round of 8,Bonus,5,The middle ear fills with air that comes from the mouth or nose via what passage?,The Eustachian tube,Health,Science & Technology,Farragut High School vs Roane County High School,,Farragut High School,Incorrect,,,,Missed,0,None given,1,,"team said ""nasal canal""",
S41 E53,Round of 8,Tossup,6,"In economics, what currency is used in Mexico?",The peso,Economics,Social Studies,Farragut High School vs Roane County High School,,Unknown,Correct,,,,Correct,10,Unknown,1,Yes,buzzer and team not identified in captions; team not identified in captions (captions lines 2632-2636),"No points on the bonus toss up. / In economics, what currency is used in Mexico? / Pesos, yes. / And an economics bonus. / What country's official currency is the renminbi?"
S41 E53,Round of 8,Bonus,6,What country's official currency is the renminbi?,China,Economics,Social Studies,Farragut High School vs Roane County High School,,Unknown,Incorrect,,,,Missed,0,None given,1,Yes,team conferred and said Pakistan; team not identified in captions (captions lines 2635-2644),"And an economics bonus. / What country's official currency is the renminbi? / Is it mom? / Not and not India. / Pakistan, I don't think. / I think so you said Zimbabwe. / I don't know, just Pakistan. / Pakistan. / It's actually China. / The renminbi toss up in algebra in the equation three x plus six equals three x."
S41 E53,Round of 8,Tossup,7,"In the equation 3x + 6 = 3x, solve for x.",No solution,Algebra,Mathematics,Farragut High School vs Roane County High School,Lucas,Roane County High School,Correct,,,,Correct,10,Roane County High School,1,,,
S41 E53,Round of 8,Bonus,7,Part 1: What is the reduced slope of the line with the equation 4x + 8y = 0? | Part 2: Name its y-intercept in coordinate form.,"Part 1: -1/2 | Part 2: (0, 0)",Algebra,Mathematics,Farragut High School vs Roane County High School,Lucas,Roane County High School,Correct,,,,Correct,20,Roane County High School,2,,,
S41 E53,Round of 8,Tossup,8,What 12 letter word beginning with B refers to the practice or study of predicting the participants in or outcomes of elimination tournaments or competitions like this one?,Bracketology,Vocabulary,Language Arts,Farragut High School vs Roane County High School,Lucas,Roane County High School,Correct,,,,Correct,10,Roane County High School,1,,,
S41 E53,Round of 8,Bonus,8,Part 1: What eight letter word starting with P means a person who knows and is able to use several languages? | Part 2: Spell that word.,Part 1: Polyglot | Part 2: P-O-L-Y-G-L-O-T,Vocabulary,Language Arts,Farragut High School vs Roane County High School,,Roane County High School,Partial,,,,Partial,10,Roane County High School,2,,"team said ""polygon"" for Part 1; the host gave ""polyglot"" and asked for the spelling",
S41 E53,Round of 8,Tossup,9,In what state is Old Dominion University located?,Virginia,Miscellaneous,General & Visual,Farragut High School vs Roane County High School,Lucas,Roane County High School,Incorrect,,Farragut High School,Correct,Correct,10,Farragut High School,1,,Lucas said Indiana; Farragut's stealing player not named,
S41 E53,Round of 8,Bonus,9,In what city and state is Brown University located?,"Providence, Rhode Island",Miscellaneous,General & Visual,Farragut High School vs Roane County High School,,Farragut High School,Correct,,,,Correct,20,Farragut High School,1,,,
S41 E53,Round of 8,Tossup,10,What is a huge cloud of dust that swirls among the stars?,A nebula,Astronomy,Science & Technology,Farragut High School vs Roane County High School,Armin,Farragut High School,Correct,,,,Correct,10,Farragut High School,1,,,
S41 E53,Round of 8,Bonus,10,"What celestial event occurred on April 8th, 2024, in parts of Texas, Oklahoma, Arkansas, Missouri, Illinois, Kentucky, Indiana, Ohio, Pennsylvania, New York, Vermont, New Hampshire and Maine?",A total solar eclipse,Astronomy,Science & Technology,Farragut High School vs Roane County High School,,Farragut High School,Correct,,,,Correct,20,Farragut High School,1,,,
S41 E53,Round of 8,Tossup,11,"What is the term for trying to get someone to do wrong by offering him or her special favors, bribery or money?",[unclear],Government,Social Studies,Farragut High School vs Roane County High School,,Unknown,Correct,,,,Correct,10,Unknown,1,Yes,"the buzzer and the answer are not in the captions (they jump from the question to the visual bonus); the answer is probably ""corruption"" (captions lines 2678-2680)","toss up in government. / What is the term for trying to get someone to do wrong by offering him or her special favors or bribery, or money and a visual bonus and government look at the screens, please. / On its 1976 bicentennial series of state flags, the US Postal Service made what error on the Tennessee stamp seen here?"
S41 E53,Round of 8,Bonus,11,"On its 1976 bicentennial series of state flags, the U.S. Postal Service made what error on the Tennessee stamp seen here?",The flag is upside down,Visual,General & Visual,Farragut High School vs Roane County High School,,Unknown,Incorrect,,,,Missed,0,None given,1,Yes,team said the banner or bar was on the wrong side; team not identified in captions (captions lines 2679-2687),"What is the term for trying to get someone to do wrong by offering him or her special favors or bribery, or money and a visual bonus and government look at the screens, please. / On its 1976 bicentennial series of state flags, the US Postal Service made what error on the Tennessee stamp seen here? / The banner. / I think that's supposed to be the bar. / Is it on the other side of the thing? / I think some of the bar the bar should be on the other side. / the stamp actually is the flag is actually upside down. / So the whole thing is upside down. / You can't give that to a toss up in geography, the sources of the Tigris and Euphrates rivers are in what country?"
S41 E53,Round of 8,Tossup,12,The sources of the Tigris and Euphrates rivers are in what country?,Turkey,Geography,Social Studies,Farragut High School vs Roane County High School,Armin,Farragut High School,Incorrect,Maddox,Roane County High School,Incorrect,Missed,0,None given,1,,"Armin said Iraq; Maddox's answer garbled in captions (""It makes your iron""), probably Iran; the host gave Turkey",
S41 E53,Round of 8,Tossup,13,What is the term for a verb that requires a direct object to complete its meaning?,Transitive verb,English,Language Arts,Farragut High School vs Roane County High School,Roshan,Farragut High School,Correct,,,,Correct,10,Farragut High School,1,,,
S41 E53,Round of 8,Bonus,13,"Which four words need to be capitalized in the following sentence? ""William the Conqueror was the first Norman king of England.""","William, Conqueror, Norman, England",English,Language Arts,Farragut High School vs Roane County High School,,Farragut High School,Correct,,,,Correct,20,Farragut High School,1,,,
S41 E53,Round of 8,Tossup,14,A platinum award from the Recording Industry Association of America represents sales of how many units?,1 million,Music,Fine Arts,Farragut High School vs Roane County High School,Lucas,Roane County High School,Incorrect,Leighton,Farragut High School,Correct,Correct,10,Farragut High School,1,,"Lucas said 10 million; Leighton's name read from ""Late""",
S41 E53,Round of 8,Bonus,14,"Part 1: If the time signature is six eight, how many beats would a half note get? | Part 2: How many beats would a dotted quarter note get?",Part 1: 4 | Part 2: 3,Music,Fine Arts,Farragut High School vs Roane County High School,,Farragut High School,Correct,,,,Correct,20,Farragut High School,2,,the host's reaction to Part 1 is garbled in captions; he ruled both parts correct for 20 points,
S41 E53,Round of 8,Tossup,15,What prefix means things or activities connected with air or movement through the air?,Aero-,Science,Science & Technology,Farragut High School vs Roane County High School,Roshan,Farragut High School,Correct,,,,Correct,10,Farragut High School,1,,"answer garbled in captions (""arrow"")",
S41 E53,Round of 8,Bonus,15,"Part 1: What chemical element is named after the mythological Greek goddess of the rainbow, who in the Iliad is the female messenger of the gods? | Part 2: What is the name of that mythological Greek goddess?",Part 1: Iridium | Part 2: Iris,Science,Science & Technology,Farragut High School vs Roane County High School,,Farragut High School,Correct,,,,Correct,20,Farragut High School,2,,,
S41 E53,Round of 8,Tossup,16,"Who said, ""I know not what course others may take, but as for me, give me liberty or give me death""?",Patrick Henry,U.S. History,Social Studies,Farragut High School vs Roane County High School,Roshan,Farragut High School,Incorrect,Lucas,Roane County High School,Incorrect,Missed,0,None given,1,,Roshan's answer not captured; Lucas said Thomas Paine,
S41 E53,Round of 8,Tossup,17,What is the value of the base five logarithm of 125?,3,Pre-Calculus,Mathematics,Farragut High School vs Roane County High School,Lucas,Roane County High School,Correct,,,,Correct,10,Roane County High School,1,,,
S41 E53,Round of 8,Bonus,17,What is the value of the tangent of 135 degrees in the unit circle?,-1,Pre-Calculus,Mathematics,Farragut High School vs Roane County High School,Lucas,Roane County High School,Correct,,,,Correct,20,Roane County High School,1,,,
S41 E53,Round of 8,Tossup,18,"According to Reader's Digest, the most misspelled word in Tennessee is ""Parliament."" Spell ""Parliament.""",P-A-R-L-I-A-M-E-N-T,Spelling,Language Arts,Farragut High School vs Roane County High School,Armin,Farragut High School,Correct,,,,Correct,10,Farragut High School,1,,"buzzer name read from ""Ahmed""",
S41 E53,Round of 8,Bonus,18,"Spell ""Brandeis,"" as in Brandeis University in Waltham, Massachusetts.",B-R-A-N-D-E-I-S,Spelling,Language Arts,Farragut High School vs Roane County High School,,Farragut High School,Incorrect,,,,Missed,0,None given,1,,team spelled it B-R-A-N-D-I-C-E,
S41 E53,Round of 8,Tossup,19,"What is the English translation of the Spanish question ""¿Qué hora es?""",What time is it?,Foreign Language,Foreign Language,Farragut High School vs Roane County High School,Roshan,Farragut High School,Correct,,,,Correct,10,Farragut High School,1,,"Spanish phrase reconstructed from the translation (captions: ""K to S"")",
S41 E53,Round of 8,Bonus,19,"Part 1: What is the English translation for the Spanish word ""fuego""? | Part 2: What is the English translation for the Spanish word ""nieve""?",Part 1: Fire | Part 2: Snow,Foreign Language,Foreign Language,Farragut High School vs Roane County High School,,Farragut High School,Correct,,,,Correct,20,Farragut High School,2,,"Spanish words reconstructed from the answers (captions: ""naive"" for nieve)",
S41 E53,Round of 8,Tossup,20,A honeybee getting nectar or pollen from a flower is an example of which type of symbiotic relationship?,Mutualism,Biology,Science & Technology,Farragut High School vs Roane County High School,Roshan,Farragut High School,Incorrect,Maddox,Roane County High School,Correct,Correct,10,Roane County High School,1,,"Roshan said symbiosis; Maddox's name read from ""Matic's""",
S41 E53,Round of 8,Bonus,20,List four of the eight levels of classification in the Linnaean taxonomy system.,"Any four of: domain, kingdom, phylum, class, order, family, genus, species",Biology,Science & Technology,Farragut High School vs Roane County High School,Lucas,Roane County High School,Partial,,,,Partial,15,Roane County High School,1,,"team named order, family and genus plus one wrong item; three counted (15 points)",
S41 E53,Round of 8,Tossup,21,"In 30 BC, Cleopatra killed herself following the defeat of her forces by what future first emperor of Rome?",Octavian (Augustus Caesar),History,Social Studies,Farragut High School vs Roane County High School,,Unknown,Correct,,,,Correct,10,Unknown,1,Yes,buzzer and team not identified in captions; team not identified in captions (captions lines 2769-2772),"In 30 BC, Cleopatra killed herself following the defeat of her forces by what future first Emperor Augustus Caesar? / Yeah, of Rome. / Octavian, later known as Augustus Caesar, and history. / Bonus, which Native American leader known as the last Apache War Chief, fought against both Mexican and American forces in the second half of the 19th century?"
S41 E53,Round of 8,Bonus,21,"Which Native American leader, known as the last Apache war chief, fought against both Mexican and American forces in the second half of the 19th century?",Geronimo,History,Social Studies,Farragut High School vs Roane County High School,,Unknown,Incorrect,,,,Missed,0,None given,1,Yes,team said Sitting Bull; team not identified in captions (captions lines 2772-2777),"Bonus, which Native American leader known as the last Apache War Chief, fought against both Mexican and American forces in the second half of the 19th century? / Sitting bull, sitting bull. / Yeah. / Sitting bull and that was Geronimo I described. / Toss up in art. / What is the term for the style of art that uses shapes, designs, textures and colors in a way Lucas Abstract have to emphasize moods or feelings."
S41 E53,Round of 8,Tossup,22,"What is the term for the style of art that uses shapes, designs, textures and colors in a way that emphasizes moods or feelings?",Abstract art,Art,Fine Arts,Farragut High School vs Roane County High School,Lucas,Roane County High School,Correct,,,,Correct,10,Roane County High School,1,,,
S41 E53,Round of 8,Bonus,22,"A junk dealer discovered a painting on a rolled up canvas in 1962, but his wife thought it wasn't pretty enough to sell, so it hung in their home for about 50 years until one of their children realized that the painting, authenticated in 2024, was an asymmetrical portrait of Dora Maar by what famed Spanish artist known for the Cubism movement?",Pablo Picasso,Art,Fine Arts,Farragut High School vs Roane County High School,,Roane County High School,Incorrect,,,,Missed,0,None given,1,,team had no answer,
S41 E53,Round of 8,Tossup,23,"What poem by Rudyard Kipling contains the famous line ""You're a better man than I am""?",Gunga Din,Literature,Language Arts,Farragut High School vs Roane County High School,Armin,Farragut High School,Incorrect,,,,Missed,0,None given,1,,"the host started this question before halftime and held it for the second half; Armin's answer not captured; steal offered to Roane, no answer captured",
S41 E53,Round of 8,Tossup,24,Which architect designed the Solomon R. Guggenheim Museum building on Fifth Avenue in New York City?,Frank Lloyd Wright,Architecture,Fine Arts,Farragut High School vs Roane County High School,Leighton,Farragut High School,Correct,,,,Correct,10,Farragut High School,1,,"buzzer name read from ""Layton""",
S41 E53,Round of 8,Bonus,24,"The Newgrange mound in Ireland is a Neolithic monument, older than both Stonehenge and the Egyptian pyramids, and was constructed so that the rising sun would illuminate its innermost chamber during what celestial event in December?",The winter solstice,Architecture,Fine Arts,Farragut High School vs Roane County High School,,Farragut High School,Correct,,,,Correct,20,Farragut High School,1,,,
S41 E53,Round of 8,Tossup,25,"Which fault line runs along the borders of West Tennessee, Arkansas and Missouri?",The New Madrid fault,Geology,Science & Technology,Farragut High School vs Roane County High School,Evan,Farragut High School,Correct,,,,Correct,10,Farragut High School,1,,"buzzer name read from ""Seven""; team inferred from the bonus responder",
S41 E53,Round of 8,Bonus,25,"Part 1: What does a paleontologist study? | Part 2: Spell ""paleontologist.""",Part 1: Fossils | Part 2: P-A-L-E-O-N-T-O-L-O-G-I-S-T,Geology,Science & Technology,Farragut High School vs Roane County High School,,Farragut High School,Correct,,,,Correct,20,Farragut High School,2,,spelling garbled in captions; the host ruled it exactly right,
S41 E53,Round of 8,Tossup,26,What is the only crime defined in the U.S. Constitution?,Treason,Government,Social Studies,Farragut High School vs Roane County High School,Lucas,Roane County High School,Correct,,,,Correct,10,Roane County High School,1,,,
S41 E53,Round of 8,Bonus,26,The Ottoman Empire was abolished in 1922 and succeeded by which nation state?,Turkey,Government,Social Studies,Farragut High School vs Roane County High School,,Roane County High School,Correct,,,,Correct,20,Roane County High School,1,,,
S41 E53,Round of 8,Tossup,27,How many minutes are in 2.25 hours?,135,Math,Mathematics,Farragut High School vs Roane County High School,Lucas,Roane County High School,Correct,,,,Correct,10,Roane County High School,1,,,
S41 E53,Round of 8,Bonus,27,"The first term of an arithmetic sequence is 20, and the common difference between terms is -12. What is the 12th term of the sequence?",-112,Math,Mathematics,Farragut High School vs Roane County High School,Lucas,Roane County High School,Correct,,,,Correct,20,Roane County High School,1,,,
S41 E53,Round of 8,Tossup,28,"What is the literal English translation of the Spanish words ""salsa amarilla""?",Yellow sauce,Foreign Language,Foreign Language,Farragut High School vs Roane County High School,,Farragut High School,Incorrect,James,Roane County High School,Incorrect,Missed,0,None given,1,,"Spanish phrase reconstructed from the answer; Farragut's first buzzer garbled in captions (""Maria 11"") said ""yellow salsa"", which the host rejected because it repeats ""salsa""; James said green salsa",
S41 E53,Round of 8,Tossup,29,In what year did the University of Tennessee football team last win the national championship?,1998,Sports,General & Visual,Farragut High School vs Roane County High School,,Roane County High School,Correct,,,,Correct,10,Roane County High School,1,,"buzzer not named; team from ""sports bonus for Roane""",
S41 E53,Round of 8,Bonus,29,"Part 1: What is the current name of the Major League Baseball team in Cleveland, Ohio? | Part 2: What is the current name of the National Football League team in Washington, D.C.?",Part 1: Guardians | Part 2: Commanders,Sports,General & Visual,Farragut High School vs Roane County High School,,Roane County High School,Correct,,,,Correct,20,Roane County High School,2,,,
S41 E53,Round of 8,Tossup,30,What is the common name for H2CO3?,Carbonic acid,Chemistry,Science & Technology,Farragut High School vs Roane County High School,Leighton,Farragut High School,Incorrect,Ethan,Roane County High School,Incorrect,Missed,0,None given,1,,Leighton said hydrochloric acid; Ethan said methanol,
S41 E53,Round of 8,Tossup,31,Which company introduced the first automatic drip coffee maker brand in 1972?,Mr. Coffee,Economics,Social Studies,Farragut High School vs Roane County High School,Leighton,Farragut High School,Incorrect,Maddox,Roane County High School,Incorrect,Missed,0,None given,1,,"Leighton said Keurig (name read from ""Lightning""); Maddox said Folgers",
S41 E53,Round of 8,Tossup,32,Which of the apostles was a tax collector before following Jesus?,Matthew,Religion,Religion & Mythology,Farragut High School vs Roane County High School,Lucas,Roane County High School,Incorrect,Evan,Farragut High School,Incorrect,Missed,0,None given,1,,Lucas said Jeremiah; Evan said Paul,
S41 E53,Round of 8,Tossup,33,"A singer breathes from the diaphragm. Spell ""diaphragm.""",D-I-A-P-H-R-A-G-M,Vocabulary,Language Arts,Farragut High School vs Roane County High School,Ethan,Roane County High School,Correct,,,,Correct,10,Roane County High School,1,,,
S41 E53,Round of 8,Bonus,33,"What seven letter word starting with O means foreboding or foreshadowing, evil or horrible?",Ominous,Vocabulary,Language Arts,Farragut High School vs Roane County High School,,Roane County High School,Correct,,,,Correct,20,Roane County High School,1,,,
S41 E53,Round of 8,Tossup,34,"What rock band, popular in the 70s and 80s, shares its name with a river that forms the boundary between Earth and the underworld in Greek mythology?",Styx,Music,Fine Arts,Farragut High School vs Roane County High School,,Unknown,Correct,,,,Correct,10,Unknown,1,Yes,buzzer and team not identified in captions; team not identified in captions (captions lines 2909-2909),"What rock band popular in the 70s and 80s shares its name with a river that forms the boundary between Earth and the underworld in Greek mythology, Styx and Music Bonus now identify the other half of the famous duo Brooks and Dun Dun."
S41 E53,Round of 8,Bonus,34,Part 1: Identify the other half of the famous duo Brooks and ___. | Part 2: Identify the other half of the famous singing duo Sonny and ___.,Part 1: Dunn | Part 2: Cher,Music,Fine Arts,Farragut High School vs Roane County High School,,Unknown,Partial,,,,Partial,10,Unknown,2,Yes,"team said ""the Sunshine Band"" for Part 2; team not identified in captions (captions lines 2909-2915)","What rock band popular in the 70s and 80s shares its name with a river that forms the boundary between Earth and the underworld in Greek mythology, Styx and Music Bonus now identify the other half of the famous duo Brooks and Dun Dun. / Wreck for ten. / Identify the other half of the famous singing duo Sonny and the Sunshine Band. / And the Sunshine Band. / It's Sonny and Cher. / Toss. / Tossup in physics for everyone in radio broadcasting."
S41 E53,Round of 8,Tossup,35,"In radio broadcasting, what words do the letters AM represent?",Amplitude modulation,Physics,Science & Technology,Farragut High School vs Roane County High School,,Unknown,Correct,,,,Correct,10,Unknown,1,Yes,buzzer and team not identified in captions; team not identified in captions (captions lines 2914-2919),Toss. / Tossup in physics for everyone in radio broadcasting. / What words do the letters Am represent? / Amplitude modulation is right. / Physics bonus. / What is the instrument that has a u shaped tube and measures pressure in a closed system barometer?
S41 E53,Round of 8,Bonus,35,"Part 1: What is the instrument that has a U-shaped tube and measures pressure in a closed system? | Part 2: Who invented the manometer in 1661, in addition to inventing a vacuum pump and an electrostatic generator?",Part 1: Manometer | Part 2: Otto von Guericke,Physics,Science & Technology,Farragut High School vs Roane County High School,,Unknown,Incorrect,,,,Missed,0,None given,2,Yes,"team said barometer and Maxwell; the answer to Part 2 is garbled in captions (""Otto van Gelder key""); team not identified in captions (captions lines 2918-2924)","Physics bonus. / What is the instrument that has a u shaped tube and measures pressure in a closed system barometer? / That's a manometer. / Who invented the manometer in 1661? / In addition to inventing a vacuum pump and an electrostatic generator. / And Maxwell Maxwell. / That's Otto van Gelder key toss up in geography, in which state is Cape Hatteras National Seashore?"
S41 E53,Round of 8,Tossup,36,In which state is Cape Hatteras National Seashore?,North Carolina,Geography,Social Studies,Farragut High School vs Roane County High School,Maddox,Roane County High School,Correct,,,,Correct,10,Roane County High School,1,,,
S41 E53,Round of 8,Bonus,36,Part 1: What geologic oddity shown here was designated as America's first national monument in 1906 by President Theodore Roosevelt? | Part 2: In what Steven Spielberg movie does a character played by Richard Dreyfuss use mashed potatoes to represent Devil's Tower?,Part 1: Devils Tower | Part 2: Close Encounters of the Third Kind,Visual,General & Visual,Farragut High School vs Roane County High School,,Roane County High School,Correct,,,,Correct,20,Roane County High School,2,,,
S41 E53,Round of 8,Tossup,37,What is the more common name for a number that cannot be written as a fraction of two integers?,Irrational number,Math,Mathematics,Farragut High School vs Roane County High School,Leighton,Farragut High School,Incorrect,Lucas,Roane County High School,Correct,Correct,10,Roane County High School,1,,"Leighton said rational (name read from ""Latent"")",
S41 E53,Round of 8,Bonus,37,"Part 1: In a certain geometric progression, the third term is 12 and the fourth term is 48. What is the fifth term in the progression? | Part 2: What is the first term in the progression?",Part 1: 192 | Part 2: 3/4,Math,Mathematics,Farragut High School vs Roane County High School,Lucas,Roane County High School,Partial,,,,Partial,10,Roane County High School,2,,team said 144 for Part 1; the host then asked for the first term,
S41 E53,Round of 8,Tossup,38,Which mythological Greek god was a messenger who wore winged sandals?,Hermes,Mythology,Religion & Mythology,Farragut High School vs Roane County High School,Leighton,Farragut High School,Correct,,,,Correct,10,Farragut High School,1,,"buzzer name read from ""lightning""",
S41 E53,Round of 8,Bonus,38,"What Broadway and movie musical, with a plot similar to a 19th century German short story, is about a mythical Scottish town that appears for one day every 100 years?",Brigadoon,Mythology,Religion & Mythology,Farragut High School vs Roane County High School,,Farragut High School,Incorrect,,,,Missed,0,None given,1,,team had no answer,
S41 E53,Round of 8,Tossup,39,What is the German word for the color black?,Schwarz,Foreign Language,Foreign Language,Farragut High School vs Roane County High School,,Farragut High School,Correct,,,,Correct,10,Farragut High School,1,,"buzzer name garbled in captions (""Look at spots""), probably Leighton; team inferred",
S41 E53,Round of 8,Bonus,39,"What is the literal English translation of the French phrase ""mon chou,"" a term of endearment for someone much loved?",My cabbage,Foreign Language,Foreign Language,Farragut High School vs Roane County High School,,Farragut High School,Incorrect,,,,Missed,0,None given,1,,"team said ""my little something"" and ""my little baby""",
S41 E53,Round of 8,Tossup,40,What temperature in Celsius is equal to 95 degrees Fahrenheit?,35 degrees Celsius,Science,Science & Technology,Farragut High School vs Roane County High School,Roshan,Farragut High School,Incorrect,Lucas,Roane County High School,Correct,Correct,10,Roane County High School,1,,Roshan's answer not captured; no bonus appears in the captions after this steal,
S41 E53,Round of 8,Tossup,41,Who was the Prime Minister of Japan responsible for the bombing of Pearl Harbor in 1941?,Hideki Tojo,History,Social Studies,Farragut High School vs Roane County High School,Armin,Farragut High School,Correct,,,,Correct,10,Farragut High School,1,,"buzzer name read from ""Arman""",
S41 E53,Round of 8,Bonus,41,Which two wives of Henry VIII were cousins and were beheaded five years apart at the Tower of London?,Anne Boleyn and Catherine Howard,History,Social Studies,Farragut High School vs Roane County High School,,Farragut High School,Correct,,,,Correct,20,Farragut High School,1,,team first offered Catherine of Aragon and Anne of Cleves before settling on the right pair,
S41 E53,Round of 8,Tossup,42,"In the U.S., what distinguishes a bench trial?",There is no jury,Government,Social Studies,Farragut High School vs Roane County High School,Lucas,Roane County High School,Correct,,,,Correct,10,Roane County High School,1,,"answer read from ""No. Jury correct""",
S41 E53,Round of 8,Bonus,42,"In 2024, the Louisiana state government began accepting what type of digital payments for state services?",Cryptocurrency,Government,Social Studies,Farragut High School vs Roane County High School,,Roane County High School,Correct,,,,Correct,20,Roane County High School,1,,the host reminded the team to wait for the buzzer before answering,
S41 E53,Round of 8,Tossup,43,One of Shakespeare's plays is titled Two Gentlemen of which city?,Verona,Literature,Language Arts,Farragut High School vs Roane County High School,Evan,Farragut High School,Correct,,,,Correct,10,Farragut High School,1,,"buzzer name read from ""Even""",
S41 E53,Round of 8,Bonus,43,Part 1: Which of Homer's epic poems recounts the arduous journey of a king returning from war? | Part 2: From which war is he returning?,Part 1: The Odyssey | Part 2: The Trojan War,Literature,Language Arts,Farragut High School vs Roane County High School,,Farragut High School,Correct,,,,Correct,20,Farragut High School,2,,,
S41 E53,Round of 8,Tossup,44,"In the 1820s, which Spanish artist painted Saturn Devouring His Son?",Francisco Goya,Art,Fine Arts,Farragut High School vs Roane County High School,Maddox,Roane County High School,Incorrect,Evan,Farragut High School,Incorrect,Missed,0,None given,1,,Maddox said Picasso; Evan said Dalí,
S41 E53,Round of 8,Tossup,45,What is the location of the innominate bone in humans?,The hip (pelvis),Health,Science & Technology,Farragut High School vs Roane County High School,Leighton,Farragut High School,Incorrect,Lucas,Roane County High School,Incorrect,Missed,0,None given,1,,Leighton said the elbow; Lucas said the leg,
S41 E53,Round of 8,Tossup,46,Which inventor was known as the Wizard of Menlo Park?,Thomas Edison,U.S. History,Social Studies,Farragut High School vs Roane County High School,Maddox,Roane County High School,Incorrect,,Farragut High School,Correct,Correct,10,Farragut High School,1,,"Maddox said Tesla (name read from ""Mannix""); Farragut's stealing player not named",
S41 E53,Round of 8,Bonus,46,"Which U.S. president, prior to his presidency, filed a patent for adjustable, buoyant air chambers that would be attached to the sides of a boat, allowing them to navigate shallow waterways?",Abraham Lincoln,History,Social Studies,Farragut High School vs Roane County High School,,Farragut High School,Incorrect,,,,Missed,0,None given,1,,"team's answer garbled in captions (""Thomas Wilson"")",
S41 E53,Round of 8,Tossup,47,What type of conditional statement is the inverse of its converse?,Contrapositive,Geometry,Mathematics,Farragut High School vs Roane County High School,Armin,Farragut High School,Incorrect,Lucas,Roane County High School,Correct,Correct,10,Roane County High School,1,,"Armin's name read from ""Harmon"", answer not captured",
S41 E53,Round of 8,Bonus,47,What number is the midpoint between negative four and positive seven?,3/2 (1.5),Geometry,Mathematics,Farragut High School vs Roane County High School,Lucas,Roane County High School,Correct,,,,Correct,20,Roane County High School,1,,,
S41 E53,Round of 8,Tossup,48,"Who composed the opera Lohengrin, which includes the bridal chorus generally known as ""Here Comes the Bride""?",Richard Wagner,Music,Fine Arts,Farragut High School vs Roane County High School,,Farragut High School,Correct,,,,Correct,10,Farragut High School,1,Yes,"the buzzer is unclear: the captions show ""Lucas"" and a host quip before the answer ""Wagner""; Farragut is inferred from the host's closing remark that even the 20 bonus points would not have been enough for the team still behind (captions lines 3027-3051)","Is that a tossup in music? / Who composed the opera Lohengrin which includes a bridal chorus? / Lucas I would have no idea the answer to that question. / But of course, generally known as Here Comes the Bride. / Bognor. / Yes. / And a music bonus. / What Italian words meaning for two. / That was so close. / And even if he got the 20 points on the bonus, it was not enough, to get us all the way to the top. / And by the way, I do a is for two in Italian. / What a great game that was and how close that was. / Both teams did really, really well and worked hard to get to this point. / But only one of you can advance to the philosophical four, and it's going to be Rome County. / First of all, we're Farragut. / You guys are fantastic, and I hope to have you for many more years on Scholar's Bowl. / We enjoy having it all. / Pretty much all underclassmen on this team, right? / Yeah, absolutely. / You guys are going to do really well in future years. / Meanwhile, Roane County, congratulations with your stylish Frank Murphy pins, you'll have to take take those on now, I guess, to the next round of the philosophical for and we appreciate you guys being here. / We'll see you real soon actually for that game you can keep track of all of our games, all of our players. / Never miss an episode, set your DVR or binge watch past seasons online using the PBS app. / My name is Frank Murphy. / Thank you for watching Tennessee's Scholar's Bowl 2025."
S41 E53,Round of 8,Bonus,48,"What Italian words meaning ""for two"" are used as a musical term?",A due,Music,Fine Arts,Farragut High School vs Roane County High School,,Farragut High School,Incorrect,,,,Missed,0,None given,1,,"time expired; the host gave the answer ""a due""",
